-- 1. Insertar datos en clientes (correcto)
INSERT INTO clientes (nombre, apellido, email, telefono, direccion) VALUES
('Juan', 'Pérez', 'juan.perez@email.com', '5551234567', 'Calle Falsa 123, Ciudad'),
('María', 'Gómez', 'maria.gomez@email.com', '5552345678', 'Avenida Siempre Viva 456'),
('Carlos', 'López', 'carlos.lopez@email.com', '5553456789', 'Boulevard Los Olivos 789'),
('Ana', 'Martínez', 'ana.martinez@email.com', '5554567890', 'Callejón Diagonal 321'),
('Pedro', 'Sánchez', 'pedro.sanchez@email.com', '5555678901', 'Paseo de la Reforma 654'),
('Laura', 'Rodríguez', 'laura.rod@email.com', '5556789012', 'Avenida Central 987'),
('Miguel', 'Hernández', 'miguel.hern@email.com', '5557890123', 'Calle Norte 159'),
('Sofía', 'Díaz', 'sofia.diaz@email.com', '5558901234', 'Boulevard Sur 753'),
('Jorge', 'Ramírez', 'jorge.ram@email.com', '5559012345', 'Avenida Este 852'),
('Lucía', 'Fernández', 'lucia.fern@email.com', '5550123456', 'Calle Oeste 963'),
('Daniela', 'Castro', 'daniela.castro@email.com', '5551112233', 'Calle 10 Sur 120, Ciudad del Sol'),
('Emilio', 'Vega', 'emilio.vega@email.com', '5552223344', 'Av. Independencia 450, Pueblo Nuevo'),
('Camila', 'Mendoza', 'camila.mendoza@email.com', '5553334455', 'Carrera 7 #45-89, Centro'),
('Andrés', 'Silva', 'andres.silva@email.com', '5554445566', 'Calle Los Pinos 34, Las Lomas'),
('Valentina', 'Cruz', 'valentina.cruz@email.com', '5555556677', 'Pasaje 12, Barrio Jardín'),
('Ricardo', 'Navarro', 'ricardo.navarro@email.com', '5556667788', 'Av. Libertad 78, Zona Norte'),
('Fernanda', 'Morales', 'fernanda.morales@email.com', '5557778899', 'Camino Real 256, Col. Industrial'),
('Eduardo', 'Rojas', 'eduardo.rojas@email.com', '5558889900', 'Calle 3 Oriente 89, Las Mercedes'),
('Alejandra', 'Paredes', 'alejandra.paredes@email.com', '5559990011', 'Avenida Panorámica 33, Altavista'),
('David', 'Cárdenas', 'david.cardenas@email.com', '5551011122', 'Callejón Las Flores 18, Santa Clara'),
('Isabela', 'Vargas', 'isabela.vargas@email.com', '5552021223', 'Av. Central 456, Nueva Vida'),
('Luis', 'Salinas', 'luis.salinas@email.com', '5553031324', 'Calle Mayor 99, Centro Histórico'),
('Natalia', 'Peña', 'natalia.pena@email.com', '5554041425', 'Calle Primavera 77, Los Sauces'),
('Sebastián', 'Delgado', 'sebastian.delgado@email.com', '5555051526', 'Av. Los Andes 120, Bella Vista'),
('Carolina', 'Aguilar', 'carolina.aguilar@email.com', '5556061627', 'Paseo del Parque 213, El Bosque'),
('Gabriel', 'Ortega', 'gabriel.ortega@email.com', '5557071728', 'Calle del Lago 32, San Miguel'),
('Mariana', 'Guerrero', 'mariana.guerrero@email.com', '5558081829', 'Calle 12 Poniente 84, Sol Naciente'),
('Tomás', 'Estrada', 'tomas.estrada@email.com', '5559091930', 'Av. Universidad 1001, Zona Centro'),
('Paula', 'Fuentes', 'paula.fuentes@email.com', '5551112123', 'Callejón del Sol 55, Monteverde'),
('Iván', 'Mejía', 'ivan.mejia@email.com', '5552223234', 'Av. San Martín 765, Villa Nueva'),
('Renata', 'Campos', 'renata.campos@email.com', '5553334345', 'Calle Horizonte 43, Altos de la Sierra'),
('Óscar', 'León', 'oscar.leon@email.com', '5554445456', 'Paseo de las Aves 17, Valle Alegre'),
('Julia', 'Serrano', 'julia.serrano@email.com', '5555556567', 'Av. del Mar 302, Playa Norte'),
('Mauricio', 'Acosta', 'mauricio.acosta@email.com', '5556667678', 'Camino del Sol 79, El Encino'),
('Claudia', 'Reyes', 'claudia.reyes@email.com', '5557778789', 'Calle 8A Sur 204, Loma Linda'),
('Diego', 'Mora', 'diego.mora@email.com', '5558889890', 'Av. Río Claro 125, Costa Verde'),
('Sara', 'Pino', 'sara.pino@email.com', '5559990901', 'Calle Cedros 67, Villa Esperanza'),
('Martín', 'Ibáñez', 'martin.ibanez@email.com', '5551010102', 'Avenida del Valle 12, El Retiro'),
('Rocío', 'Alvarado', 'rocio.alvarado@email.com', '5552121213', 'Callejón de la Luna 89, Ciudad Jardín'),
('Fabián', 'Palacios', 'fabian.palacios@email.com', '5553232324', 'Av. de la Ciencia 401, Zona Universitaria'),
('Patricia', 'Solís', 'patricia.solis@email.com', '5554343435', 'Boulevard del Este 56, Brisas del Lago'),
('Hugo', 'Castañeda', 'hugo.castaneda@email.com', '5555454546', 'Calle San José 44, Villa del Sol'),
('Noelia', 'Barrios', 'noelia.barrios@email.com', '5556565657', 'Camino del Bosque 90, Sierra Azul'),
('Rodrigo', 'Quiroz', 'rodrigo.quiroz@email.com', '5557676768', 'Av. Hidalgo 314, Centro Norte'),
('Lorena', 'Molina', 'lorena.molina@email.com', '5558787879', 'Callejón del Arroyo 22, Altozano'),
('Esteban', 'Del Valle', 'esteban.delvalle@email.com', '5559898980', 'Calle Nueva 110, Paseo del Lago'),
('Verónica', 'Galindo', 'veronica.galindo@email.com', '5550909091', 'Av. México 240, Centro Histórico'),
('Benjamín', 'Trejo', 'benjamin.trejo@email.com', '5551212123', 'Calle del Prado 58, Jardines del Sur'),
('Angela', 'Rosales', 'angela.rosales@email.com', '5552323234', 'Avenida Cristal 301, El Vergel'),
('Julián', 'Bravo', 'julian.bravo@email.com', '5553434345', 'Camino de los Cedros 199, Las Fuentes');

-- 2. Insertar datos en empleados (correcto)
INSERT INTO empleados (nombre, apellido, email, telefono, puesto, fecha_contratacion) VALUES
('Roberto', 'Jiménez', 'roberto.jim@empresa.com', '5551122334', 'Gerente', '2020-01-15'),
('Elena', 'Ruiz', 'elena.ruiz@empresa.com', '5552233445', 'Supervisor', '2021-03-22'),
('Fernando', 'Castro', 'fernando.cas@empresa.com', '5553344556', 'Operador', '2022-05-10'),
('Adriana', 'Mendoza', 'adriana.men@empresa.com', '5554455667', 'Atención a clientes', '2021-07-18'),
('Oscar', 'Vega', 'oscar.vega@empresa.com', '5555566778', 'Conductor', '2022-02-28'),
('Patricia', 'Ríos', 'patricia.rios@empresa.com', '5556677889', 'Almacenista', '2020-11-05'),
('Ricardo', 'Ortega', 'ricardo.ort@empresa.com', '5557788990', 'Conductor', '2021-09-12'),
('Gabriela', 'Silva', 'gabriela.sil@empresa.com', '5558899001', 'Atención a clientes', '2022-01-30'),
('Héctor', 'Navarro', 'hector.nav@empresa.com', '5559900112', 'Operador', '2020-08-15'),
('Diana', 'Cortés', 'diana.cor@empresa.com', '5550011223', 'Supervisor', '2021-04-20');

-- 3. Insertar datos en sucursales (correcto)
INSERT INTO sucursales (nombre, direccion, ciudad, pais, codigo_postal, telefono, email, responsable_id) VALUES
('Centro', 'Av. Principal 100', 'Ciudad de México', 'México', '06000', '5551112233', 'centro@empresa.com', 1),
('Norte', 'Calle Norte 200', 'Monterrey', 'México', '64000', '5552223344', 'norte@empresa.com', 2),
('Sur', 'Boulevard Sur 300', 'Guadalajara', 'México', '44100', '5553334455', 'sur@empresa.com', 10),
('Este', 'Avenida Este 400', 'Puebla', 'México', '72000', '5554445566', 'este@empresa.com', 6),
('Oeste', 'Calle Oeste 500', 'Toluca', 'México', '50000', '5555556677', 'oeste@empresa.com', 4),
('Noroeste', 'Paseo Noroeste 600', 'Tijuana', 'México', '22000', '5556667788', 'noroeste@empresa.com', 8),
('Sureste', 'Camino Sureste 700', 'Mérida', 'México', '97000', '5557778899', 'sureste@empresa.com', 3),
('Centro Histórico', 'Plaza Central 800', 'Querétaro', 'México', '76000', '5558889900', 'centrohist@empresa.com', 5),
('Zona Industrial', 'Calle Industrial 900', 'León', 'México', '37000', '5559990011', 'industrial@empresa.com', 7),
('Zona Comercial', 'Boulevard Comercial 1000', 'Cancún', 'México', '77500', '5550001122', 'comercial@empresa.com', 9);

-- 4. Insertar datos en estados_paquete (correcto)
INSERT INTO estados_paquete (nombre, descripcion) VALUES
('Registrado', 'Paquete recibido en sucursal'),
('En tránsito', 'Paquete en camino a destino'),
('En sucursal intermedia', 'Paquete en tránsito con escala'),
('Listo para entrega', 'Paquete en sucursal destino para entrega'),
('En reparto', 'Paquete en vehículo de reparto'),
('Entregado', 'Paquete entregado al destinatario'),
('Devuelto', 'Paquete devuelto al remitente'),
('Retenido en aduana', 'Paquete retenido por autoridades'),
('Pendiente de pago', 'Esperando confirmación de pago'),
('Cancelado', 'Envío cancelado por el cliente');

-- 5. Insertar datos en servicios (correcto)
INSERT INTO servicios (nombre, descripcion, precio_base, tiempo_estimado_dias) VALUES
('Estándar', 'Entrega en 3-5 días hábiles', 120.00, 4),
('Express', 'Entrega en 1-2 días hábiles', 250.00, 2),
('Prioritario', 'Entrega al día siguiente', 400.00, 1),
('Internacional', 'Envío a otros países', 800.00, 7),
('Fragil', 'Manejo especial para artículos frágiles', 180.00, 4),
('Grandes dimensiones', 'Para paquetes voluminosos', 300.00, 5),
('Documentos', 'Envío seguro de documentos', 90.00, 3),
('Refrigerado', 'Cadena de frío para perecederos', 350.00, 2),
('Valores declarados', 'Para artículos de alto valor', 200.00, 4),
('Same day', 'Entrega el mismo día', 500.00, 1);

-- 6. Insertar datos en transportes (correcto)
INSERT INTO transportes (tipo, matricula, capacidad, modelo, año, activo) VALUES
('Camión', 'ABC123', 5000.00, 'Freightliner', 2020, true),
('Camioneta', 'DEF456', 1000.00, 'Ford Transit', 2021, true),
('Motocicleta', 'GHI789', 50.00, 'Honda CB250', 2022, true),
('Avión', 'N12345', 20000.00, 'Boeing 737', 2019, true),
('Furgón', 'JKL012', 3000.00, 'Mercedes Sprinter', 2020, true),
('Camión', 'MNO345', 6000.00, 'International', 2021, true),
('Camioneta', 'PQR678', 1200.00, 'Chevrolet Express', 2022, false),
('Barco', 'STU901', 50000.00, 'Cargo Ship', 2018, true),
('Tren', 'VWX234', 30000.00, 'Freight Train', 2020, true),
('Bicicleta', 'YZA567', 20.00, 'Cargo Bike', 2022, true);

-- 7. Insertar datos en rutas (correcto)
INSERT INTO rutas (sucursal_origen_id, sucursal_destino_id, distancia_km, tiempo_estimado_horas, activa) VALUES
(1, 2, 750.00, 10.50, true),
(2, 3, 900.00, 12.00, true),
(3, 4, 500.00, 7.00, true),
(4, 5, 200.00, 3.00, true),
(5, 6, 1500.00, 20.00, true),
(6, 7, 1800.00, 24.00, true),
(7, 8, 600.00, 8.00, true),
(8, 9, 300.00, 4.00, true),
(9, 10, 1200.00, 16.00, true),
(10, 1, 1600.00, 22.00, true);

-- 8.  Insertar datos en paquetes (faltaba instrucciones_especiales)
INSERT INTO paquetes (cliente_id, sucursal_origen_id, sucursal_destino_id, empleado_registro_id, codigo_seguimiento, peso, alto, ancho, largo, contenido, valor_declarado, estado_actual, fecha_entrega_estimada, instrucciones_especiales) VALUES
(1, 1, 2, 3, 'PKG123456789', 2.50, 30.00, 20.00, 15.00, 'Libros', 500.00, 'Registrado', '2023-05-05', 'Manejar con cuidado'),
(2, 2, 3, 4, 'PKG987654321', 5.00, 40.00, 30.00, 25.00, 'Electrónicos', 1500.00, 'En tránsito', '2023-05-04', 'Artículo frágil'),
(3, 3, 4, 5, 'PKG456123789', 1.20, 25.00, 15.00, 10.00, 'Ropa', 300.00, 'En sucursal intermedia', '2023-05-07', NULL),
(4, 4, 5, 6, 'PKG789456123', 8.00, 50.00, 40.00, 30.00, 'Mueble pequeño', 2000.00, 'Listo para entrega', '2023-05-09', 'Requiere montaje'),
(5, 5, 6, 7, 'PKG321654987', 0.80, 20.00, 15.00, 5.00, 'Documentos', 100.00, 'En reparto', '2023-05-08', 'Entrega urgente'),
(6, 6, 7, 8, 'PKG654987321', 12.00, 60.00, 50.00, 40.00, 'Equipo deportivo', 2500.00, 'Entregado', '2023-05-09', NULL),
(7, 7, 8, 9, 'PKG147258369', 3.50, 35.00, 25.00, 20.00, 'Arte', 3500.00, 'Devuelto', '2023-05-08', 'Obra de arte original'),
(8, 8, 9, 10, 'PKG258369147', 6.00, 45.00, 35.00, 25.00, 'Instrumentos musicales', 1800.00, 'Retenido en aduana', '2023-05-15', 'Instrumento delicado'),
(9, 9, 10, 1, 'PKG369147258', 0.50, 15.00, 10.00, 5.00, 'Joyeria', 5000.00, 'Pendiente de pago', '2023-05-10', 'Artículo de alto valor'),
(10, 10, 1, 2, 'PKG852963741', 10.00, 55.00, 45.00, 35.00, 'Equipo médico', 3000.00, 'Cancelado', '2023-05-11', 'Equipo estéril'),
(11, 1, 2, 3, 'PKG000000001', 2.20, 30.00, 20.00, 10.00, 'Zapatos', 400.00, 'Registrado', '2023-05-05', NULL),
(12, 2, 3, 4, 'PKG000000002', 4.80, 45.00, 35.00, 20.00, 'Juguetes', 1200.00, 'En tránsito', '2023-05-04', 'Juguete educativo'),
(13, 3, 4, 5, 'PKG000000003', 1.00, 25.00, 18.00, 12.00, 'Textiles', 200.00, 'En sucursal intermedia', '2023-05-07', NULL),
(14, 4, 5, 6, 'PKG000000004', 7.50, 55.00, 40.00, 35.00, 'Sillas', 1800.00, 'Listo para entrega', '2023-05-09', 'Mueble desmontado'),
(15, 5, 6, 7, 'PKG000000005', 0.90, 18.00, 12.00, 6.00, 'Cartas', 50.00, 'En reparto', '2023-05-08', 'Correspondencia personal'),
(16, 6, 7, 8, 'PKG000000006', 10.20, 65.00, 50.00, 45.00, 'Máquina de coser', 2200.00, 'Entregado', '2023-05-09', 'Máquina antigua'),
(17, 7, 8, 9, 'PKG000000007', 3.30, 36.00, 26.00, 18.00, 'Cuadros', 900.00, 'Devuelto', '2023-05-08', NULL),
(18, 8, 9, 10, 'PKG000000008', 5.70, 48.00, 38.00, 22.00, 'Cámaras', 2100.00, 'Retenido en aduana', '2023-05-15', 'Equipo fotográfico'),
(19, 9, 10, 1, 'PKG000000009', 0.60, 20.00, 14.00, 8.00, 'Perfumería', 600.00, 'Pendiente de pago', '2023-05-10', NULL),
(20, 10, 1, 2, 'PKG000000010', 9.00, 52.00, 42.00, 30.00, 'Electrodoméstico pequeño', 2800.00, 'Cancelado', '2023-05-11', 'Electrodoméstico nuevo'),
(21, 2, 4, 5, 'PKG000000011', 3.00, 32.00, 24.00, 14.00, 'Herramientas', 1000.00, 'Registrado', '2023-05-06', NULL),
(22, 3, 5, 6, 'PKG000000012', 2.70, 28.00, 22.00, 16.00, 'Alimentos no perecederos', 350.00, 'En tránsito', '2023-05-05', 'Sin refrigeración'),
(23, 4, 6, 7, 'PKG000000013', 6.90, 49.00, 39.00, 27.00, 'Decoración', 1400.00, 'En sucursal intermedia', '2023-05-10', 'Artículos decorativos'),
(24, 5, 7, 8, 'PKG000000014', 1.10, 23.00, 15.00, 9.00, 'Accesorios', 250.00, 'Listo para entrega', '2023-05-09', NULL),
(25, 6, 8, 9, 'PKG000000015', 8.40, 58.00, 44.00, 36.00, 'Relojes', 1600.00, 'En reparto', '2023-05-11', 'Relojes de colección'),
(26, 7, 9, 10, 'PKG000000016', 0.70, 17.00, 12.00, 7.00, 'Papelería', 90.00, 'Entregado', '2023-05-10', NULL),
(27, 8, 10, 1, 'PKG000000017', 11.50, 63.00, 51.00, 43.00, 'Herramienta eléctrica', 2700.00, 'Devuelto', '2023-05-12', 'Herramienta industrial'),
(28, 9, 1, 2, 'PKG000000018', 3.80, 34.00, 28.00, 19.00, 'Computadora', 5000.00, 'Retenido en aduana', '2023-05-16', 'Equipo informático'),
(29, 10, 2, 3, 'PKG000000019', 0.40, 14.00, 11.00, 6.00, 'Joyería', 5200.00, 'Pendiente de pago', '2023-05-11', 'Joyería fina'),
(30, 1, 3, 4, 'PKG000000020', 9.80, 57.00, 46.00, 34.00, 'Monitor', 3100.00, 'Cancelado', '2023-05-12', 'Monitor gaming'),
(31, 1, 4, 5, 'PKG000000021', 2.00, 29.00, 19.00, 11.00, 'CDs y DVDs', 450.00, 'Registrado', '2023-05-05', NULL),
(32, 2, 5, 6, 'PKG000000022', 4.50, 42.00, 33.00, 21.00, 'Juguetes coleccionables', 1100.00, 'En tránsito', '2023-05-04', 'Edición limitada'),
(33, 3, 6, 7, 'PKG000000023', 1.30, 26.00, 17.00, 13.00, 'Prendas de vestir', 275.00, 'En sucursal intermedia', '2023-05-08', NULL),
(34, 4, 7, 8, 'PKG000000024', 7.20, 51.00, 41.00, 31.00, 'Silla plegable', 1750.00, 'Listo para entrega', '2023-05-09', 'Silla portátil'),
(35, 5, 8, 9, 'PKG000000025', 0.95, 19.00, 13.00, 7.00, 'Documentación oficial', 80.00, 'En reparto', '2023-05-08', 'Documentos confidenciales'),
(36, 6, 9, 10, 'PKG000000026', 10.80, 66.00, 54.00, 46.00, 'Set de herramientas', 2300.00, 'Entregado', '2023-05-11', 'Kit profesional'),
(37, 7, 10, 1, 'PKG000000027', 3.60, 37.00, 27.00, 19.00, 'Lámpara de escritorio', 850.00, 'Devuelto', '2023-05-10', NULL),
(38, 8, 1, 2, 'PKG000000028', 5.90, 47.00, 36.00, 26.00, 'Cámara de seguridad', 1950.00, 'Retenido en aduana', '2023-05-15', 'Sistema de vigilancia'),
(39, 9, 2, 3, 'PKG000000029', 0.55, 16.00, 10.00, 7.00, 'Perfumes', 580.00, 'Pendiente de pago', '2023-05-12', NULL),
(40, 10, 3, 4, 'PKG000000030', 10.10, 54.00, 43.00, 33.00, 'Pantalla LED', 2950.00, 'Cancelado', '2023-05-13', 'Pantalla profesional');

-- 9.  Insertar datos en historial_estados (eliminar timestamp y dejar que se genere automáticamente)
INSERT INTO historial_estados (paquete_id, estado_id, sucursal_id, empleado_id, observaciones) VALUES
(1, 1, 1, 3, 'Paquete recibido en sucursal centro'),
(2, 1, 2, 4, 'Registrado en sucursal norte'),
(2, 2, 2, 4, 'En camino a destino'),
(3, 1, 3, 5, 'Recibido en sucursal sur'),
(3, 3, 4, 6, 'Llegó a sucursal intermedia'),
(4, 1, 4, 6, 'Registrado en sucursal este'),
(4, 2, 4, 6, 'Enviado a destino'),
(4, 4, 5, 7, 'Listo para entrega'),
(5, 1, 5, 7, 'Recibido en sucursal oeste'),
(5, 5, 5, 7, 'En reparto al destinatario'),
(6, 1, 6, 8, 'Registrado en sucursal noroeste'),
(6, 2, 6, 8, 'Enviado a destino'),
(6, 6, 7, 9, 'Entregado al destinatario'),
(7, 1, 7, 9, 'Recibido en sucursal sureste'),
(7, 7, 8, 10, 'Devuelto al remitente'),
(8, 1, 8, 10, 'Registrado en sucursal centro histórico'),
(8, 8, 8, 10, 'Retenido en aduana'),
(9, 1, 9, 1, 'Recibido en sucursal zona industrial'),
(9, 9, 9, 1, 'Pendiente de pago'),
(10, 1, 10, 2, 'Registrado en sucursal zona comercial'),
(10, 10, 10, 2, 'Cancelado por el cliente'),
(11, 1, 1, 3, 'Paquete registrado en sucursal centro'),
(12, 2, 2, 4, 'Enviado desde sucursal norte'),
(13, 3, 3, 5, 'Recibido en sucursal de paso'),
(14, 4, 4, 6, 'Salida hacia sucursal destino'),
(15, 5, 5, 7, 'Llegada a sucursal destino'),
(16, 6, 6, 8, 'Preparado para entrega'),
(17, 7, 7, 9, 'En vehículo de reparto'),
(18, 8, 8, 10, 'Retrasado por condiciones climáticas'),
(19, 9, 9, 1, 'Pendiente de autorización de aduana'),
(20, 10, 10, 2, 'Entrega fallida, destinatario ausente'),
(21, 1, 2, 5, 'Paquete devuelto a sucursal'),
(22, 2, 3, 6, 'Nuevo intento de entrega programado'),
(23, 3, 4, 7, 'Paquete entregado con éxito'),
(24, 4, 5, 8, 'Firmado por el receptor'),
(25, 5, 6, 9, 'Entregado a conserje'),
(26, 6, 7, 10, 'Reprogramado por solicitud del cliente'),
(27, 7, 8, 1, 'Notificado al destinatario'),
(28, 8, 9, 2, 'Transferido a sucursal intermedia'),
(29, 9, 10, 3, 'Esperando recolección'),
(30, 10, 1, 4, 'Reprogramado por error de dirección'),
(31, 1, 1, 5, 'Paquete escaneado al ingreso'),
(32, 2, 2, 6, 'Inspeccionado por seguridad'),
(33, 3, 3, 7, 'Esperando transporte'),
(34, 4, 4, 8, 'Salida programada'),
(35, 5, 5, 9, 'Transferencia interregional'),
(36, 6, 6, 10, 'Ingreso al centro logístico'),
(37, 7, 7, 1, 'Cambio de ruta'),
(38, 8, 8, 2, 'Ingreso al sistema de reparto'),
(39, 9, 9, 3, 'Demora en validación'),
(40, 10, 10, 4, 'Ruta alterna asignada');


-- 10. Insertar datos en paquete_servicios
INSERT INTO paquete_servicios (paquete_id, servicio_id, precio_aplicado) VALUES
(1, 1, 120.00),
(2, 2, 250.00),
(3, 5, 180.00),
(4, 6, 300.00),
(5, 7, 90.00),
(6, 3, 400.00),
(7, 9, 200.00),
(8, 4, 800.00),
(9, 10, 500.00),
(10, 8, 350.00),
(11, 2, 150.00),
(12, 4, 275.00),
(13, 1, 110.00),
(14, 6, 360.00),
(15, 7, 125.00),
(16, 8, 490.00),
(17, 5, 230.00),
(18, 3, 180.00),
(19, 9, 300.00),
(20, 10, 410.00),
(21, 1, 130.00),
(22, 2, 240.00),
(23, 3, 160.00),
(24, 4, 270.00),
(25, 5, 200.00),
(26, 6, 350.00),
(27, 7, 290.00),
(28, 8, 320.00),
(29, 9, 180.00),
(30, 10, 500.00),
(31, 1, 105.00),
(32, 2, 220.00),
(33, 3, 135.00),
(34, 4, 310.00),
(35, 5, 190.00),
(36, 6, 400.00),
(37, 7, 275.00),
(38, 8, 360.00),
(39, 9, 295.00),
(40, 10, 450.00);

-- 11. Insertar datos en tarifas
INSERT INTO tarifas (servicio_id, peso_minimo, peso_maximo, precio) VALUES
(1, 0.10, 1.00, 100.00),
(1, 1.01, 5.00, 150.00),
(1, 5.01, 10.00, 200.00),
(2, 0.10, 1.00, 200.00),
(2, 1.01, 5.00, 250.00),
(2, 5.01, 10.00, 300.00),
(3, 0.10, 1.00, 350.00),
(3, 1.01, 5.00, 400.00),
(3, 5.01, 10.00, 450.00),
(4, 0.10, 10.00, 800.00);

-- 12. Insertar datos en envios
INSERT INTO envios (ruta_id, transporte_id, empleado_responsable_id, fecha_salida, fecha_llegada_estimada, estado) VALUES
(1, 1, 5, '2023-05-01 08:00:00', '2023-05-01 18:30:00', 'Completado'),
(2, 2, 6, '2023-05-02 09:00:00', '2023-05-02 21:00:00', 'Completado'),
(3, 3, 7, '2023-05-03 10:00:00', '2023-05-03 17:00:00', 'En camino'),
(4, 4, 8, '2023-05-04 07:00:00', '2023-05-04 10:00:00', 'Completado'),
(5, 5, 9, '2023-05-05 06:00:00', '2023-05-06 02:00:00', 'Retrasado'),
(6, 6, 10, '2023-05-06 12:00:00', '2023-05-07 12:00:00', 'En camino'),
(7, 7, 1, '2023-05-07 08:00:00', '2023-05-07 16:00:00', 'Cancelado'),
(8, 8, 2, '2023-05-08 09:00:00', '2023-05-08 13:00:00', 'Completado'),
(9, 9, 3, '2023-05-09 10:00:00', '2023-05-09 14:00:00', 'En camino'),
(10, 10, 4, '2023-05-10 11:00:00', '2023-05-11 09:00:00', 'Programado'),
(1, 1, 5, '2023-05-11 07:00:00', '2023-05-11 18:00:00', 'Completado'),
(2, 2, 6, '2023-05-12 09:00:00', '2023-05-12 19:00:00', 'En camino'),
(3, 3, 7, '2023-05-13 08:30:00', '2023-05-13 17:00:00', 'Retrasado'),
(4, 4, 8, '2023-05-14 06:45:00', '2023-05-14 15:30:00', 'Completado'),
(5, 5, 9, '2023-05-15 10:00:00', '2023-05-15 20:00:00', 'Cancelado'),
(6, 6, 10, '2023-05-16 11:00:00', '2023-05-16 22:00:00', 'Completado'),
(7, 7, 1, '2023-05-17 07:15:00', '2023-05-17 14:45:00', 'En camino'),
(8, 8, 2, '2023-05-18 09:30:00', '2023-05-18 17:00:00', 'Retrasado'),
(9, 9, 3, '2023-05-19 08:00:00', '2023-05-19 16:00:00', 'Programado'),
(10, 10, 4, '2023-05-20 10:00:00', '2023-05-21 10:00:00', 'Completado'),
(1, 1, 5, '2023-05-21 09:00:00', '2023-05-21 18:00:00', 'Completado'),
(2, 2, 6, '2023-05-22 08:30:00', '2023-05-22 17:30:00', 'En camino'),
(3, 3, 7, '2023-05-23 07:00:00', '2023-05-23 15:30:00', 'Retrasado'),
(4, 4, 8, '2023-05-24 06:00:00', '2023-05-24 12:00:00', 'Completado'),
(5, 5, 9, '2023-05-25 10:30:00', '2023-05-26 03:00:00', 'Retrasado'),
(6, 6, 10, '2023-05-26 12:00:00', '2023-05-26 22:00:00', 'En camino'),
(7, 7, 1, '2023-05-27 09:00:00', '2023-05-27 17:00:00', 'Cancelado'),
(8, 8, 2, '2023-05-28 08:45:00', '2023-05-28 14:00:00', 'Completado'),
(9, 9, 3, '2023-05-29 10:00:00', '2023-05-29 15:30:00', 'En camino'),
(10, 10, 4, '2023-05-30 11:00:00', '2023-05-31 10:00:00', 'Programado'),
(1, 1, 5, '2023-05-31 08:00:00', '2023-05-31 17:30:00', 'Completado'),
(2, 2, 6, '2023-06-01 09:00:00', '2023-06-01 21:00:00', 'Completado'),
(3, 3, 7, '2023-06-02 10:00:00', '2023-06-02 17:00:00', 'En camino'),
(4, 4, 8, '2023-06-03 07:00:00', '2023-06-03 10:00:00', 'Completado'),
(5, 5, 9, '2023-06-04 06:00:00', '2023-06-05 02:00:00', 'Retrasado'),
(6, 6, 10, '2023-06-05 12:00:00', '2023-06-06 12:00:00', 'En camino'),
(7, 7, 1, '2023-06-06 08:00:00', '2023-06-06 16:00:00', 'Cancelado'),
(8, 8, 2, '2023-06-07 09:00:00', '2023-06-07 13:00:00', 'Completado'),
(9, 9, 3, '2023-06-08 10:00:00', '2023-06-08 14:00:00', 'En camino'),
(10, 10, 4, '2023-06-09 11:00:00', '2023-06-10 09:00:00', 'Programado');


-- 13. Insertar datos en paquete_envios
INSERT INTO paquete_envios (paquete_id, envio_id, fecha_desembarque) VALUES
(1, 1, '2025-08-01 18:25:00'),
(2, 2, '2025-08-02 20:55:00'),
(3, 3, NULL),
(4, 4, '2025-08-04 09:50:00'),
(5, 5, NULL),
(6, 6, NULL),
(7, 7, NULL),
(8, 8, '2025-09-08 12:45:00'),
(9, 9, NULL),
(10, 10, NULL),
(11, 11, '2025-10-11 17:55:00'),
(12, 12, NULL),
(13, 13, NULL),
(14, 14, '2025-07-14 15:25:00'),
(15, 15, NULL),
(16, 16, '2025-09-16 21:50:00'),
(17, 17, NULL),
(18, 18, NULL),
(19, 19, NULL),
(20, 20, '2025-11-21 09:55:00'),
(21, 21, '2025-11-21 17:50:00'),
(22, 22, NULL),
(23, 23, NULL),
(24, 24, '2025-08-24 11:50:00'),
(25, 25, NULL),
(26, 26, NULL),
(27, 27, NULL),
(28, 28, '2025-09-28 13:55:00'),
(29, 29, NULL),
(30, 30, NULL),
(31, 31, '2025-09-28 17:25:00'),
(32, 32, '2025-08-01 20:45:00'),
(33, 33, NULL),
(34, 34, '2025-09-03 09:50:00'),
(35, 35, NULL),
(36, 36, NULL),
(37, 37, NULL),
(38, 38, '2025-08-07 12:55:00'),
(39, 39, NULL),
(40, 40, NULL);

-- 14.  Insertar datos en pagos (eliminar timestamp y dejar que se genere automáticamente)
INSERT INTO pagos (paquete_id, monto_total, metodo_pago, estado, transaccion_id) VALUES
(1, 120.00, 'Tarjeta crédito', 'Completado', 'TXN123456789'),
(2, 250.00, 'PayPal', 'Completado', 'TXN987654321'),
(3, 180.00, 'Transferencia', 'Completado', 'TXN456123789'),
(4, 300.00, 'Tarjeta débito', 'Completado', 'TXN789456123'),
(5, 90.00, 'Efectivo', 'Completado', 'TXN321654987'),
(6, 400.00, 'Tarjeta crédito', 'Completado', 'TXN654987321'),
(7, 200.00, 'PayPal', 'Reembolsado', 'TXN147258369'),
(8, 800.00, 'Transferencia', 'Pendiente', 'TXN258369147'),
(9, 500.00, 'Tarjeta crédito', 'Fallido', 'TXN369147258'),
(10, 350.00, 'Efectivo', 'Cancelado', 'TXN852963741'),
(11, 150.00, 'Tarjeta débito', 'Completado', 'TXN001122334'),
(12, 275.00, 'PayPal', 'Pendiente', 'TXN002233445'),
(13, 110.00, 'Efectivo', 'Completado', 'TXN003344556'),
(14, 360.00, 'Transferencia', 'Completado', 'TXN004455667'),
(15, 125.00, 'Tarjeta crédito', 'Fallido', 'TXN005566778'),
(16, 490.00, 'PayPal', 'Completado', 'TXN006677889'),
(17, 230.00, 'Tarjeta débito', 'Cancelado', 'TXN007788990'),
(18, 180.00, 'Transferencia', 'Completado', 'TXN008899001'),
(19, 300.00, 'Efectivo', 'Pendiente', 'TXN009900112'),
(20, 410.00, 'Tarjeta crédito', 'Completado', 'TXN010011223'),
(21, 130.00, 'PayPal', 'Completado', 'TXN011122334'),
(22, 240.00, 'Transferencia', 'Reembolsado', 'TXN012233445'),
(23, 160.00, 'Tarjeta débito', 'Fallido', 'TXN013344556'),
(24, 270.00, 'Efectivo', 'Completado', 'TXN014455667'),
(25, 200.00, 'Tarjeta crédito', 'Cancelado', 'TXN015566778'),
(26, 350.00, 'PayPal', 'Completado', 'TXN016677889'),
(27, 290.00, 'Transferencia', 'Pendiente', 'TXN017788990'),
(28, 320.00, 'Tarjeta débito', 'Completado', 'TXN018899001'),
(29, 180.00, 'Efectivo', 'Completado', 'TXN019900112'),
(30, 500.00, 'Tarjeta crédito', 'Completado', 'TXN020011223'),
(31, 105.00, 'PayPal', 'Completado', 'TXN021122334'),
(32, 220.00, 'Transferencia', 'Cancelado', 'TXN022233445'),
(33, 135.00, 'Efectivo', 'Pendiente', 'TXN023344556'),
(34, 310.00, 'Tarjeta débito', 'Completado', 'TXN024455667'),
(35, 190.00, 'Tarjeta crédito', 'Completado', 'TXN025566778'),
(36, 400.00, 'PayPal', 'Reembolsado', 'TXN026677889'),
(37, 275.00, 'Transferencia', 'Completado', 'TXN027788990'),
(38, 360.00, 'Efectivo', 'Pendiente', 'TXN028899001'),
(39, 295.00, 'Tarjeta débito', 'Completado', 'TXN029900112'),
(40, 450.00, 'Tarjeta crédito', 'Fallido', 'TXN030011223');